Frequency,BodyLength,WingArea,PxArea,PxArea
1.112913751E1,2.334717000E4,1.784230737E3,2.159904000E6,2.159904000E6
