Frequency,BodyLength,WingArea,PxArea,PxArea
1.413614177E1,1.683826200E4,4.243291423E2,1.827817000E6,1.827817000E6
