Frequency,BodyLength,WingArea,PxArea
1.101022623E1,2.584696800E4,1.903121435E3,1.822157000E6
