Frequency,BodyLength,WingArea,PxArea,PxArea
1.398592759E1,1.363097400E4,4.524434607E2,1.910317000E6,1.910317000E6
