{
    "fps": 960,
    "duration": 1.458333333,
    "pos_sin_amp": 0.009375,
    "pos_sin_freq": 0.5,
    "height_sin_amp": 0.009375,
    "height_sin_freq": 1.0,
    "heading_sin_amp_deg": 38.31811983503839,
    "heading_sin_freq": 1.0372719065165628,
    "heading_phase_offset_1": 0.18824047951621659,
    "heading_phase_offset_2": 3.6031464423239794,
    "pos_phase_offset": 1.832857837359626,
    "height_phase_offset_1": 3.802411295251288,
    "height_phase_offset_2": 0.10488160807492702,
    "randAng_deg": 2.670061336809699,
    "startX": -19.612808801976605,
    "startY": -8.148265392213524,
    "endX": 30.17495528181317,
    "endY": 18.77629229827047,
    "resX": 640,
    "resY": 360,
    "screenW": 81.28,
    "screenH": 39.84,
    "resD": 640,
    "minX": -25.0,
    "minY": -14.0625,
    "maxX": 25.0,
    "maxY": 14.0625
}