{
    "fps": 960,
    "duration": 1.458333333,
    "pos_sin_amp": 0.009375,
    "pos_sin_freq": 0.5,
    "height_sin_amp": 0.009375,
    "height_sin_freq": 1.0,
    "heading_sin_amp_deg": 32.83497911215205,
    "heading_sin_freq": 1.641813509644927,
    "heading_phase_offset_1": 4.385812420792578,
    "heading_phase_offset_2": 2.842728407032707,
    "pos_phase_offset": 3.9982322867383253,
    "height_phase_offset_1": 4.807496158218709,
    "height_phase_offset_2": 2.447620521548898,
    "randAng_deg": 3.011635622986674,
    "startX": -19.648162601907366,
    "startY": -8.116254422799454,
    "endX": 30.20296488005048,
    "endY": -8.116254422799454,
    "resX": 640,
    "resY": 360,
    "screenW": 81.28,
    "screenH": 39.84,
    "resD": 640,
    "minX": -25.0,
    "minY": -14.0625,
    "maxX": 25.0,
    "maxY": 14.0625
}