{
    "fps": 960,
    "duration": 1.458333333,
    "pos_sin_amp": 0.009375,
    "pos_sin_freq": 0.5,
    "height_sin_amp": 0.009375,
    "height_sin_freq": 1.0,
    "heading_sin_amp_deg": 35.09749750909198,
    "heading_sin_freq": 1.8902963020783852,
    "heading_phase_offset_1": 5.861277249133235,
    "heading_phase_offset_2": 4.978967787027659,
    "pos_phase_offset": 3.056317053812385,
    "height_phase_offset_1": 3.7777153500836738,
    "height_phase_offset_2": 1.3975566256552836,
    "randAng_deg": -1.8145136858619786,
    "startX": -19.166863937937574,
    "startY": -8.587600577958819,
    "endX": 29.790536994286033,
    "endY": -8.587600577958819,
    "resX": 640,
    "resY": 360,
    "screenW": 81.28,
    "screenH": 39.84,
    "resD": 640,
    "minX": -25.0,
    "minY": -14.0625,
    "maxX": 25.0,
    "maxY": 14.0625
}