{
    "fps": 960,
    "duration": 1.458333333,
    "pos_sin_amp": 0.009375,
    "pos_sin_freq": 0.5,
    "height_sin_amp": 0.009375,
    "height_sin_freq": 1.0,
    "heading_sin_amp_deg": 34.31932512899404,
    "heading_sin_freq": 1.7770863912807284,
    "heading_phase_offset_1": 0.7091854158101122,
    "heading_phase_offset_2": 5.040445677406115,
    "pos_phase_offset": 1.9613887920713564,
    "height_phase_offset_1": 0.6504346875548198,
    "height_phase_offset_2": 6.1861099980108865,
    "randAng_deg": -3.1751532586158575,
    "startX": -19.038504937385213,
    "startY": -8.727654489732668,
    "endX": 29.667989821483918,
    "endY": 19.278808179787937,
    "resX": 640,
    "resY": 360,
    "screenW": 81.28,
    "screenH": 39.84,
    "resD": 640,
    "minX": -25.0,
    "minY": -14.0625,
    "maxX": 25.0,
    "maxY": 14.0625
}