{
    "fps": 960,
    "duration": 1.458333333,
    "pos_sin_amp": 0.009375,
    "pos_sin_freq": 0.5,
    "height_sin_amp": 0.009375,
    "height_sin_freq": 1.0,
    "heading_sin_amp_deg": 35.52777465839765,
    "heading_sin_freq": 1.2530874507004965,
    "heading_phase_offset_1": 2.09621573474536,
    "heading_phase_offset_2": 6.190267252956487,
    "pos_phase_offset": 1.572414902582227,
    "height_phase_offset_1": 4.510857020543153,
    "height_phase_offset_2": 1.8677025483100633,
    "randAng_deg": 2.7955470465470036,
    "startX": -19.625774706689203,
    "startY": -8.136480889607386,
    "endX": 30.185266721593536,
    "endY": 18.76494713164695,
    "resX": 640,
    "resY": 360,
    "screenW": 81.28,
    "screenH": 39.84,
    "resD": 640,
    "minX": -25.0,
    "minY": -14.0625,
    "maxX": 25.0,
    "maxY": 14.0625
}