{
    "fps": 960,
    "duration": 1.458333333,
    "pos_sin_amp": 0.009375,
    "pos_sin_freq": 0.5,
    "height_sin_amp": 0.009375,
    "height_sin_freq": 1.0,
    "heading_sin_amp_deg": 39.07137157852522,
    "heading_sin_freq": 2.1027345927921024,
    "heading_phase_offset_1": 4.806031908751669,
    "heading_phase_offset_2": 1.068195928237502,
    "pos_phase_offset": 3.5002576974402193,
    "height_phase_offset_1": 4.045909481957953,
    "height_phase_offset_2": 4.654069752184143,
    "randAng_deg": 12.93011734222555,
    "startX": -20.752374246310232,
    "startY": -7.2832909416664675,
    "endX": 30.93180792604184,
    "endY": -7.2832909416664675,
    "resX": 640,
    "resY": 360,
    "screenW": 81.28,
    "screenH": 39.84,
    "resD": 640,
    "minX": -25.0,
    "minY": -14.0625,
    "maxX": 25.0,
    "maxY": 14.0625
}