{
    "fps": 960,
    "duration": 1.458333333,
    "pos_sin_amp": 0.009375,
    "pos_sin_freq": 0.5,
    "height_sin_amp": 0.009375,
    "height_sin_freq": 1.0,
    "heading_sin_amp_deg": 37.22294518310268,
    "heading_sin_freq": 1.331264452486646,
    "heading_phase_offset_1": 0.9334970331557152,
    "heading_phase_offset_2": 4.311880326606723,
    "pos_phase_offset": 3.7192955465159967,
    "height_phase_offset_1": 0.254124490967372,
    "height_phase_offset_2": 5.380795549911114,
    "randAng_deg": 8.007719330519357,
    "startX": -20.18634064529455,
    "startY": -7.672767328216562,
    "endX": 30.59101608781051,
    "endY": -7.672767328216562,
    "resX": 640,
    "resY": 360,
    "screenW": 81.28,
    "screenH": 39.84,
    "resD": 640,
    "minX": -25.0,
    "minY": -14.0625,
    "maxX": 25.0,
    "maxY": 14.0625
}