{
    "fps": 960,
    "duration": 1.458333333,
    "pos_sin_amp": 0.009375,
    "pos_sin_freq": 0.5,
    "height_sin_amp": 0.009375,
    "height_sin_freq": 1.0,
    "heading_sin_amp_deg": 31.89363060532958,
    "heading_sin_freq": 1.2578796722998942,
    "heading_phase_offset_1": 1.2637470872738625,
    "heading_phase_offset_2": 2.104299979891849,
    "pos_phase_offset": 3.2054392486135046,
    "height_phase_offset_1": 1.767323960422009,
    "height_phase_offset_2": 0.17291387995694818,
    "randAng_deg": 7.802359445632703,
    "startX": -20.163469494622404,
    "startY": -7.690061481618519,
    "endX": 30.575883703583795,
    "endY": -7.690061481618519,
    "resX": 640,
    "resY": 360,
    "screenW": 81.28,
    "screenH": 39.84,
    "resD": 640,
    "minX": -25.0,
    "minY": -14.0625,
    "maxX": 25.0,
    "maxY": 14.0625
}