{
    "fps": 960,
    "duration": 1.458333333,
    "pos_sin_amp": 0.009375,
    "pos_sin_freq": 0.5,
    "height_sin_amp": 0.009375,
    "height_sin_freq": 1.0,
    "heading_sin_amp_deg": 36.92301656853153,
    "heading_sin_freq": 1.298702415722586,
    "heading_phase_offset_1": 0.8258360783632098,
    "heading_phase_offset_2": 5.472797846167871,
    "pos_phase_offset": 2.0559540865774006,
    "height_phase_offset_1": 3.6082022609229867,
    "height_phase_offset_2": 0.27026861443685535,
    "randAng_deg": -11.207005701342936,
    "startX": -18.351580138012267,
    "startY": -9.612947962016062,
    "endX": 28.893358033235945,
    "endY": 19.879867379239265,
    "resX": 640,
    "resY": 360,
    "screenW": 81.28,
    "screenH": 39.84,
    "resD": 640,
    "minX": -25.0,
    "minY": -14.0625,
    "maxX": 25.0,
    "maxY": 14.0625
}