{
    "fps": 960,
    "duration": 1.458333333,
    "pos_sin_amp": 0.009375,
    "pos_sin_freq": 0.5,
    "height_sin_amp": 0.009375,
    "height_sin_freq": 1.0,
    "heading_sin_amp_deg": 32.812163835484554,
    "heading_sin_freq": 1.9128970924187625,
    "heading_phase_offset_1": 2.802586826915704,
    "heading_phase_offset_2": 0.7761002212125176,
    "pos_phase_offset": 1.4371192002251607,
    "height_phase_offset_1": 0.19703153073844673,
    "height_phase_offset_2": 3.321460839463571,
    "randAng_deg": -10.197444452146259,
    "startX": -18.431009976503724,
    "startY": -9.496498459132281,
    "endX": 28.995251348259256,
    "endY": 19.810366270559243,
    "resX": 640,
    "resY": 360,
    "screenW": 81.28,
    "screenH": 39.84,
    "resD": 640,
    "minX": -25.0,
    "minY": -14.0625,
    "maxX": 25.0,
    "maxY": 14.0625
}