Frequency,BodyLength,WingArea,PxArea
1.025408433E1,2.867692800E4,2.917567173E3,1.251272000E6
